id,S9_11,S9_12,S9_14,S9_1,S9_2,S9_6,S9_7,S9_9,S11_11,S11_12,S11_14,S11_1,S11_2,S11_6,S11_7,S11_9,S17_11,S17_12,S17_14,S17_1,S17_2,S17_6,S17_7,S17_9
Neisseria_subflava_C,37800614,58815398,45230426,113768874,114652582,43695125,146499020,258861793,161383571,80918816,39372090,133084168,142906344,165762722,282473221,193803459,63819817,193090669,16073258,100364329,130798418,104733485,328125401,196749930
Haemophilus_D_parainfluenzae,22571509,56619233,15860681,28032451,67602653,64801160,17399949,20100341,119359697,149329086,22224142,40951217,93642632,114923989,35587698,23184546,96431184,180133233,15704499,53834975,59539789,150234990,67497164,24995559
Rothia_mucilaginosa,60821369,58864884,5958103,17549996,16484572,13340756,23419548,6046465,82428058,128718254,5242725,33135389,12582399,30756099,29566685,9289923,23734683,70589243,1928618,31406597,20798311,12433677,16279337,6573759
Rothia_aeria,88458526,1058098,1181890,24977336,11633487,1867951,1542555,3722216,74473876,8312634,1975898,21943760,10637888,13991986,12354368,3697533,64745242,14405120,1175319,13805404,23868810,11443285,5548870,1581597
Neisseria_sicca_B,80585139,5410548,6184254,62948148,12669054,2034231,467350,38562915,71380387,15272535,2946025,14910925,6808023,3433373,1043138,23355941,50879574,65822872,2105416,7312321,20186877,4730283,958314,36337470
Neisseria_sp000090875,52223514,107728319,10902240,46391076,56108218,2192231,5247569,11382025,39068379,54510420,19444308,6965765,21503466,10057095,2758823,8337083,35296373,37732935,8690433,1154593,22100731,3125040,1751830,9113065
Haemophilus_A_parahaemolyticus,324797,0,288208,9351199,0,23300,0,426682,36608167,0,3149903,13557533,3735066,0,296066,1342968,56704446,3825154,9458527,13777563,48831296,0,2078504,2844550
Streptococcus_sanguinis,110941639,4184784,23945712,3796414,22268466,476207,1368482,1742198,31379557,12853226,19097056,3679388,13200885,4975630,6908891,972228,13811500,34386228,6957845,1826248,4652084,2143010,1198362,575385
Aggregatibacter_sp000466335,3857824,9753289,795360,2983890,5584498,12487271,8287708,13906066,30536706,52678980,3979722,6150909,7462364,85918848,11980457,11337976,24915610,3024639,1458269,4998633,9080731,47252049,9933298,12161229
Lautropia_dentalis,59081333,401315,0,3793631,21640326,77600,774935,1301328,30069468,38879700,0,237144,4101071,1621659,2489419,603509,22501690,19357003,0,49800,1935683,649113,1029285,213457
Streptococcus_infantis,7327859,4557702,3555242,919806,1692130,4892910,3633040,667178,23606196,1501492,3775729,1548331,3707402,11236353,12655467,818555,11944326,3650971,3010731,1239165,3201791,19876344,13345009,1349759
Lautropia_mirabilis,95370836,7978170,13882530,100322784,54584000,398256,13622099,3311350,21396662,62401745,6981143,8399808,14699912,4602898,7973873,2252038,20944928,32713482,3367654,2363928,8502881,1763188,3499902,1159901
Streptococcus_xiaochunlingii,2804461,15394876,1253294,235377,1243490,2243794,1068535,182116,19496426,5076385,3012773,462483,2140920,7064484,6078834,473030,1914787,1778045,1281965,212581,574282,9263670,1357420,208358
Streptococcus_symci,4038609,2146158,12610428,41912125,2676536,35386618,6401527,7801222,19325831,3864633,56212971,108298233,7877100,66382197,20703329,20656683,137526458,61728048,101666899,134572575,86893543,174513492,54364232,39380534
Porphyromonas_endodontalis,38571482,26133600,90447000,19044056,9547486,2025067,56365432,16089948,18665421,9063278,67373968,6253289,11212432,1828414,22619140,22478985,26227381,3882810,72842174,2627064,6593749,1156187,10898292,10705216
Fusobacterium_nucleatum_J,22272523,11955302,21713028,21494758,44461722,672299,73567747,3197731,14608803,4722497,33852721,6375726,38908414,1698603,24902009,4302707,22405350,2945336,23803882,3079021,38806757,952766,14989026,4985996
Veillonella_rogosae,6415538,4971545,2500844,759327,15699343,27377660,4138260,4484406,13195852,3537346,2601270,685210,22618080,17337862,6891865,5026228,3527572,1682254,1092715,280092,4281928,17667567,3779506,3879815
Rothia_dentocariosa,3267331,1007568,186170,193866,0,5352665,117160,834641,8913664,13383802,1681999,413487,190983,25311020,5202200,1241987,14962129,17835175,3014799,369792,1487655,20654749,4302290,617602
Alloprevotella_tannerae,16453112,3701828,21833650,2732376,11680166,5793210,48195960,9695649,8385579,4783780,11077448,1542376,10591180,5998439,29357672,8987812,13328815,966505,11764042,669038,7784398,3454898,22202578,7765916
Corynebacterium_matruchotii,3370475,2721613,1365582,646480,607370,371647,7199163,2017930,7867416,2948044,4766630,942412,578161,11988476,4488643,1625216,5699717,522550,3826661,472995,318311,3070284,1200137,982376
Prevotella_intermedia,9881782,19621732,47174113,22575044,24305384,2257816,18363373,62981595,7669991,12021144,34027085,10269589,20955521,1958532,7983616,68136450,21976709,2815356,35582225,5734764,22014357,765557,6176961,42801061
Gemella_sanguinis,1330531,4585785,1533393,454506,3360975,2814955,723187,721487,7058178,613549,5019208,154614,6310298,9903925,2434275,1033363,1457702,686213,770560,69900,745559,9627891,506189,550837
Porphyromonas_pasteri,1884049,6505499,5432143,7237258,14440002,105239570,13672126,41439210,6507617,5657400,4948600,18438312,55167041,40250613,17886899,52029040,8445446,16963247,2307610,17424408,35540737,52500521,19690839,67716930
Hornefia_nodata,4563446,2507279,28405223,0,5933112,137463,0,3540217,6444238,811415,41144223,0,8492819,185239,0,5370802,6786656,389131,23469521,0,6327178,143058,0,1955383
Haemophilus_A_sputorum,945917,5477051,8260389,831109,18488695,1510106,5603138,82600,6420143,6644787,25747747,1471546,33947974,18420095,5788657,109069,10760059,3695579,13010992,1046785,29213979,11650989,7327105,199701
Eubacterium_M_brachy,15518872,13861965,13198332,3194449,2368260,191344,464552,894881,6052326,4308554,20230308,1454100,6690135,757860,523068,1437289,5395365,1575944,11550134,565312,4363683,484132,239109,705949
F0058_sp000163695,21728531,45905878,5833089,1051128,3171855,316993,9542150,2211909,5626901,10404247,7537950,1117606,3834121,3227233,3577744,2347548,8200949,3856208,7831228,424010,1434236,1066865,970316,1597250
Filifactor_alocis,9754260,28028362,43920594,13745347,26760770,665453,28055604,6745507,5547121,8763921,43079141,4146677,23246674,1219318,8744073,10424981,7595583,3061155,28368307,1564892,14861019,685616,2828707,4318232
Actinomyces_oris,2375700,885315,390697,315728,0,467264,314364,70700,5057104,618460,825164,793335,0,1556703,1560531,102765,8781458,283124,786711,574942,0,1941118,3604167,421696
Fusobacterium_vincentii,39103900,47411435,1198108,3594089,29380243,478195,14525598,684157,4926702,8139220,5146575,2307192,32188701,3941653,5076813,1119001,15589880,8960223,3459505,933430,19035059,1530095,2857200,1194528
Prevotella_pleuritidis,7427008,24663225,27522578,866054,5196857,1547756,372137,2741976,4818575,12838288,20104530,928100,4090963,2742313,65200,2619805,11420088,4519763,20631519,474879,3095162,2489590,55900,2809448
Parvimonas_micra,15977747,2775588,3951571,704350,2675006,1178869,3154825,914767,4750741,4979396,7883613,337016,2235294,3235839,2572618,1898425,3738554,1008887,3054129,220745,2238882,3053970,1018848,818844
Gemella_haemolysans_B,0,0,1489807,11303882,0,249973,1029804,316668,4531145,47200,10414047,16627346,0,428672,3340462,1033126,13147391,9854809,12722988,15773792,208324,1098882,6692439,1203422
Streptococcus_cristatus,1347330,7121043,898975,137999,497942,450812,3596246,9888929,4136701,2734933,1637273,1544361,846281,5019173,10019353,11404821,1643207,1408133,0,803432,401431,4257265,1943555,4213757
Granulicatella_sp001058355,635357,1572896,1927469,1343930,460118,2587617,2532445,746025,4053276,1490852,4695454,1501738,973000,5427764,11585024,844365,589660,3535759,1686231,810654,485495,7112605,9556422,583804
Neisseria_elongata,922154,7961153,1162518,6768396,3706965,1502708,19806519,52663890,3924495,8903880,526270,21393836,2597256,16034736,14552647,40399301,11118827,9219272,0,44014075,12877059,10117937,11684710,30803482
Mogibacterium_timidum,3066470,4231973,5669331,77300,3444384,132715,1783330,317482,3530759,4481661,7762035,217295,4565600,253679,2921580,544752,4135535,741847,6018749,155746,4031834,174871,1654036,277612
Tannerella_forsythia,13806184,35964981,16342379,5942740,23902329,102683,24385017,3747917,3335157,10958252,17516201,2260390,23544904,577130,7393197,3325841,8929986,3922765,17014203,840380,14734870,156007,2931197,1762086
Fusobacterium_animalis,7425472,7874918,5246311,2299238,4600092,424313,8181952,1836977,3331108,3933181,3663460,800439,3870509,2149303,3337357,2432353,8864688,2145529,4146597,547833,3478647,795331,1970482,2192676
Prevotella_sp905372445,4610563,0,3674400,23557618,10559112,428509,19459342,9389447,3304379,368211,1151415,3143359,12100634,360539,8393612,9983233,3831430,113189,8771558,1278416,5355663,167223,5905707,10486067
Granulicatella_adiacens,112465,0,337876,643809,0,1344598,295213,2086893,3229864,780006,1278669,4520257,799573,6006123,3377511,2148915,1573457,4793581,853410,2775902,1720642,5754323,3709057,1150177
Fusobacterium_pseudoperiodonticum,2951649,15587077,3175695,1950012,17314076,18443117,5031323,10787182,3114143,4885987,4764700,1343259,23354667,11968395,5101762,16764799,2229776,6624933,3899155,1097340,10466270,11684842,6027818,14975302
Treponema_sp905373565,10164892,6808469,1759207,3193782,1912733,131170,4960425,1851281,3013609,1187812,678044,695448,278334,124380,1247868,3004699,3201948,274526,317347,307933,423365,87500,618698,1106655
Campylobacter_A_rectus,9507103,33163502,19123097,8506179,21837645,352435,11046405,1710333,2593044,7470219,15957142,2740424,25790306,1077623,2286724,1380316,3268606,1745575,5623236,707347,19948327,653599,1273612,1081989
Streptococcus_oralis_S,1418107,970506,4766865,891539,602669,7355319,3732664,5676999,2568644,1251959,15170120,6879056,1516476,13971392,13745076,6737796,4470682,1862507,10782164,3776319,3350294,21481894,15670554,5385279
Cardiobacterium_hominis,3527189,21686145,773736,236601,1235947,99900,3332125,1566129,2440976,12386183,1023934,975947,1222608,1774727,1825438,1855011,3681294,2585236,487733,680447,1774166,921666,703863,1424113
Gemella_morbillorum,1825563,1502843,9394075,233262,192181,2286192,813773,2626380,2142106,998130,21126761,803364,1514986,10638118,3337571,4544753,1293344,768854,6242766,394599,2106121,8410015,815851,1528232
Leptotrichia_hongkongensis,3441252,0,0,0,0,77300,0,511228,1972524,428778,767156,27600,0,1158870,0,854475,493074,627444,0,17300,0,595173,150187,562103
Bacteroides_D_sp905373475,6634835,10518440,3194616,1281831,0,0,12568949,671248,1941442,7293122,2210654,358119,0,0,4113768,609456,963886,1213720,2030086,78900,0,0,1605400,673812
Dialister_invisus,2356649,3420469,7540150,731727,2730976,6660165,4197109,3053643,1770543,5409504,1208401,325316,1152173,1517155,1629060,3903540,1963637,461252,1709656,281662,597056,503710,1477444,2668092
Capnocytophaga_ochracea,3740443,8234473,444645,490452,487776,194436,1755143,658688,1704634,4856113,663968,675913,952572,1185406,858324,747785,2670042,2369479,609543,511827,891019,462822,319682,642624
Kingella_A_denitrificans,480179,0,397229,206108,0,220824,3694579,2499503,1596607,0,659768,1983861,0,1907407,4158419,2107167,1744122,0,133646,1471528,64600,2470625,2284319,1412966
Saccharimonas_sp015257605,6162645,3483840,1620227,2143322,2815807,108535,12235112,999429,1324060,2835299,1387306,528403,1722035,893408,5907298,909189,1687481,333093,1556900,150408,1290561,293151,2162417,549651
Leptotrichia_buccalis,1032058,1341858,9067236,1948231,2188104,467374,11346782,2115152,1321833,492313,29023088,799081,87500,1972875,5682866,2799882,156690,112582,10028371,375026,286721,610264,2261671,1389485
Pauljensenia_sp000278725,511727,768700,441041,255743,1188393,1325828,2436049,722999,1293687,437986,330452,126929,558371,328778,4423862,506096,0,134330,857109,92800,0,164572,2385140,511941
Prevotella_oris,2655634,4957346,9918683,793270,4365605,551508,10301055,2609052,1287410,3644770,4395993,1095772,9264410,822202,10562659,2181981,3937168,1277445,11481339,735607,5411391,742615,7637289,2123658
Tannerella_sp003033925,1358289,8723902,865300,319623,626500,2340846,5199371,4222280,1286398,6941996,1020415,215623,136507,2744362,2284475,5845378,0,46200,586488,194578,13300,573250,1461580,3063224
Fusobacterium_polymorphum,2826176,10028489,1844352,777245,2209203,910347,6615406,2088172,1271009,4989422,3922281,470945,3325544,2405953,1617175,3473567,3529674,2403466,2909140,368641,1216571,1223077,1171748,2221493
Peptidiphaga_sp000466165,306565,0,887149,24100,0,152037,2057995,71600,1251874,850805,1417502,76600,0,962463,691714,55300,607592,11200,85700,62800,0,272656,419041,127125
Treponema_B_denticola,3399974,7221163,4831062,1551373,8221024,40500,7127618,2658360,1247824,1478984,3461170,273604,3636755,143027,1416085,4259651,1397227,534283,3180007,100272,2248747,0,508380,1843318
Peptidiphaga_gingivicola,1072005,890848,276045,239383,66500,27100,0,73000,1226563,1304649,112270,61200,0,680302,0,69800,0,2020,0,59300,0,280405,0,44000
Porphyromonas_sp000467855,510600,0,135713,303486,2203518,8323191,430771,35902810,1174321,367086,0,2629478,4322058,11139021,1997724,30400011,6341319,379218,0,2282078,7586569,9230531,1858808,30426138
Kingella_B_oralis,863053,39900,114540,0,0,40700,1352452,130016,1149922,113563,149617,1780,0,277448,946984,126316,1433339,46100,75800,10800,302044,107981,645103,115741
Arachnia_rubra,515210,334812,0,0,0,114718,40100,156531,1075103,954649,0,53600,0,169461,137486,156527,357778,148794,0,12900,0,118484,115432,94900
Prevotella_melaninogenica,0,309234,40353301,1488161,1678028,136124469,20438796,3532774,1071458,0,23227529,1663978,2881549,5045299,31785415,3821470,137892,22500,37396677,1402029,2743582,9493704,67409390,5973590
Prevotella_nigrescens,2905455,990759,38944809,916356,1341548,388430,10115901,10559014,1045742,4607911,10739504,2224244,439313,291382,6320077,8722572,4472784,396414,32619207,1135858,226585,98900,5902785,7063287
Desulfomicrobium_orale,3109490,0,0,0,0,0,0,875111,1045236,0,0,0,0,0,0,959739,2032274,0,0,0,0,0,0,383629
Fusobacterium_nucleatum,2441254,11356461,662462,347557,2825427,124434,2412595,4310663,1037845,2188295,1245068,114080,1299533,623337,628217,5497950,981324,2048323,669586,27500,2403547,362589,187238,3856572
Streptococcus_constellatus,3979713,1176905,0,0,0,84000,0,558210,1008687,1428852,0,0,0,105221,69000,456141,931114,237605,0,0,0,0,125869,544552
Prevotella_shahii,0,124341,0,0,910070,7519723,2965798,3511259,965153,0,0,36300,2430852,740955,4941576,4100388,0,183489,0,59000,1447774,1586991,10013558,7270221
Actinomyces_naeslundii,193280,2769741,0,287572,0,58700,156859,0,961812,2628020,0,289065,0,425291,260196,0,308557,353525,0,42600,0,418263,199136,8890
Treponema_C_lecithinolyticum,3604112,10322063,1362541,963766,6406896,17800,4290815,0,916455,1954620,1277534,334718,6359347,206549,927710,0,1190698,972473,694490,112937,3351343,11500,351618,0
JABCPE02_sp013333255,0,524925,1024102,1413486,2303544,1980019,1491882,945236,904002,418957,2122791,4216984,3257450,8273967,2290471,1084151,3368532,1627835,1474173,7295783,5723091,7893865,1842422,746862
Veillonella_parvula_A,976850,312053,3705259,2219332,266845,2013474,5803784,1257834,896510,1959940,6589392,1204733,369729,7951233,4539397,1423016,2571353,1116917,10576147,713418,722261,3054785,4283294,1989892
Fretibacterium_fastidiosum,2630027,4550394,5091226,597067,4797301,37900,0,755445,852367,3148263,4796599,176761,2764193,120897,0,496105,2801380,889427,2592779,64400,2119135,71900,0,256860
Prevotella_conceptionensis,1209872,3158633,1271314,172832,367745,572597,4363543,1602878,849634,1701098,2234038,704642,1072162,1957507,5681688,2139162,3025718,848865,5860815,860476,1445571,1708228,6384238,2344230
Capnocytophaga_sputigena,661169,14463938,1039644,530182,145721,189357,1620446,1620322,733508,5274354,1134047,2839146,1099932,2868948,743324,2186025,3039445,4118899,221551,2466712,3739236,1624923,710438,1419369
Corynebacterium_durum,177507,0,0,65400,0,581651,84000,181302,605131,0,0,495286,63000,5034439,353673,191496,1399948,0,0,611157,856071,13698967,635710,119536
SDRW01_sp007845485,3485911,0,6420,186632,0,42100,4262305,634383,598955,316443,0,323540,0,2004124,2885067,407493,0,0,0,277370,0,384308,538230,154638
Leptotrichia_hofstadii,1436441,297437,0,0,0,176218,1024963,272011,590552,764558,1388328,82000,0,1050062,636248,528100,0,882549,1096167,109169,0,246247,429999,320660
Prevotella_nanceiensis,0,584224,9279648,449720,891924,8323522,2203988,1078393,552991,328925,4862780,624618,1582868,1400254,4122870,962712,2186491,1423812,3547903,714674,725619,2371820,5922510,1936291
Bulleidia_extructa,1107854,688103,974997,0,171410,51300,1165899,365395,528186,707367,943336,77900,1463916,155732,789796,683200,1246226,103984,568365,71900,1549890,89600,557851,454307
Actinomyces_massiliensis,1389120,0,0,0,0,11000,0,0,511178,103639,0,0,0,774356,0,0,0,0,0,0,0,177012,15200,0
Capnocytophaga_gingivalis,33900,3585004,0,200877,243123,1596116,1810226,2569628,488499,2701478,12700,1076237,1177495,5181257,1424009,2893846,2108826,3436327,0,1457084,893538,1924395,1230195,2302962
Actinomyces_graevenitzii,0,0,1895821,0,172613,2694275,2133197,53800,430689,0,835494,73200,346961,726509,3326650,80500,0,0,585995,36900,0,520942,1295634,198159
Prevotella_seregens,0,389727,504449,286014,3566711,1880,160194,596704,427854,1764120,15700,95700,2210929,0,53600,492299,633810,249339,0,46400,2512274,0,94200,432606
Leptotrichia_A_sp000469505,1076204,2509158,1499718,496907,870279,8191690,404412,2948862,425829,422026,2568917,346209,1915571,1962527,1033716,3935654,0,897823,1714588,237283,412345,2237735,1126243,2745885
Prevotella_loescheii,1068830,3561409,2200473,487781,0,290604,0,1029084,393837,2783428,3242761,468856,256098,1524737,78600,771454,2594974,2697919,3333626,524701,107258,1064316,55000,1269120
Prevotella_baroniae,113387,173931,11401958,503473,4439832,157337,2074563,555884,377030,257615,10181449,161613,864901,37500,1284917,428189,351966,0,19806958,97300,740522,46200,1082095,427032
Tannerella_sp002890585,750076,2154510,1114202,14800,426886,47500,19900,372373,330964,4251465,0,74000,0,214131,0,404996,0,359594,0,56100,0,34800,57100,407110
Lancefieldella_rimae,801904,0,4661786,0,0,193221,2143955,328414,315980,1923211,1553610,61800,0,186571,1937119,776212,0,81500,1853658,85100,0,62400,876489,488460
Peptoanaerobacter_stomatis,204138,0,287194,156695,48800,23300,377408,719161,307476,160728,217728,33600,0,3180,272295,468273,135419,0,110467,15600,85400,0,93300,343073
Actinomyces_dentalis,192461,0,0,0,0,10900,1118562,47800,302313,12900,0,5220,0,644852,272509,13000,139871,0,0,0,0,88500,301521,103527
Campylobacter_B_gracilis,872374,5001716,506814,150129,353643,40300,2316952,495877,284089,2149826,520367,90400,181194,854783,732403,435920,487756,447293,570831,40700,0,105738,464754,504707
Leptotrichia_wadei_A,99100,0,4383263,620438,0,2243462,6016372,124667,270623,0,6974559,163285,0,376215,1429042,196967,0,0,4602522,0,0,188534,730268,58500
Leptotrichia_trevisanii,1000203,0,443969,113404,0,3970,296074,20900,230329,0,2056837,29100,0,208496,91100,0,684268,0,704107,17700,981905,47700,0,33700
Gemella_haemolysans_A,0,0,0,2368237,0,1249975,0,378304,209169,0,0,1723734,0,5582164,644279,921558,2938654,6273532,79800,1871465,602199,12651679,240570,1587645
Eubacterium_B_infirmum,296732,1951243,3509291,131767,182123,99900,511459,1207246,192059,4594201,683493,134242,0,174071,763562,1289325,0,177622,475651,167992,0,0,236917,670847
Prevotella_koreensis,200450,3567778,20308591,1191909,8160134,401017,3229381,6306614,189932,4758715,12048596,1105592,3120729,384719,1120019,8854954,33500,429187,7921723,270672,1399918,173443,609514,5232064
Streptococcus_pneumoniae,0,0,0,0,0,35300,0,115015,170797,0,0,0,0,0,0,262504,1777142,14500,138454,7640,0,0,0,317221
Cardiobacterium_valvarum,327358,4712214,270075,21100,0,27800,231523,393538,162293,2013448,579738,98000,0,377137,97000,413678,0,563719,103933,71400,0,92900,3130,358489
Pauljensenia_hongkongensis,115640,0,0,0,0,13600,516946,0,161686,0,0,0,0,80300,608194,0,0,0,0,0,0,116139,172000,4980
Streptococcus_timonensis,0,0,0,1525221,632731,581209,779023,1628346,150346,113563,0,955680,1277508,429082,2480425,3110914,0,1135024,0,529830,781767,875986,1230090,3243002
Veillonella_atypica,0,0,7921049,908455,0,2187704,12574328,192234,149638,0,2107239,162135,0,221815,9823939,325186,0,0,3678344,89900,0,176502,10657617,175628
Anaeroglobus_micronuciformis,0,0,1704809,0,0,11199204,850675,0,146702,0,205014,6270,0,66200,745787,0,0,0,0,0,0,149074,520174,0
Mesocricetibacter_sp905373425,0,0,91900,0,2434179,19100,506511,502040,141437,106913,152455,542506,2528205,242819,573180,602201,260079,330260,73600,276010,7093937,108695,742271,763108
Eikenella_halliae,0,887507,0,0,0,81900,391394,1554151,136780,989434,0,154091,0,647004,206336,1589891,0,677818,0,73800,591599,555916,103534,1463128
Porphyromonas_catoniae,0,1186823,1518414,102943,450936,466601,68900,1855352,130806,1545690,2125629,606545,3025930,1578321,427663,1999049,0,617127,963261,552438,5786585,733234,143820,2893407
F0422_sp003992055,0,0,0,0,0,85100,0,207352,129389,0,85000,67400,0,0,0,329825,0,0,366786,167469,21700,0,0,313544
Prevotella_veroralis,0,0,623381,0,475532,475434,2450788,1381919,117746,722509,388800,22600,0,240565,2366174,1412668,98100,88000,140797,55000,2020063,127865,2325858,2160776
Pseudoleptotrichia_goodfellowii,1254326,2897840,0,0,0,15900,0,0,112988,391333,0,65500,0,229499,0,0,0,343511,0,60600,0,0,0,0
Pauljensenia_sp000308055,0,0,12800,0,0,632109,0,28600,112279,0,0,17400,0,210750,676723,25700,0,0,0,1990,0,159984,253929,4860
Pauljensenia_sp000411415,0,0,58100,0,0,1991281,0,9300,110051,0,0,15600,0,1174955,233748,27800,0,0,0,30600,0,1695075,228568,29900
Alloprevotella_sp003639005,0,0,3129406,0,892798,4386229,2772037,9497019,108533,75800,4891727,307034,480702,991048,2782166,10992570,1397227,10000,4448780,252145,912533,414490,1151292,8551555
Alloprevotella_rava,0,12200,1361640,22400,210655,4967327,1090267,182698,107419,160523,617653,99300,0,82100,542342,180196,0,0,802368,115763,0,181295,552006,147285
Arachnia_propionica,0,2326771,0,0,0,44200,196881,149089,106002,3263157,0,0,0,768516,48700,114541,0,317414,0,1780,115129,512683,23300,97500
Campylobacter_A_concisus_T,0,224670,2609640,2733823,918816,2304962,3113727,327367,85300,206460,1273220,213116,0,626206,4074257,294023,0,126237,162742,202114,0,397258,3193684,271209
JABZIP01_sp015258265,3259341,2215167,0,57200,3540802,89700,2227334,984544,75400,322786,0,0,1163664,0,1038213,890277,0,0,0,0,0,0,220218,593647
Ottowia_sp001262075,782340,17832728,1089312,522170,482857,51100,8544621,8071256,75300,14242382,533309,559534,0,1472792,2239289,7285046,921962,3013310,0,604981,0,548880,366126,4743960
Catonella_morbi,817678,1197472,1167586,306825,150531,96800,565897,685668,74400,778574,692121,112722,0,288206,220042,459828,0,167204,449514,66200,156269,58400,156762,491781
Nanosynbacter_sp005697215,526784,1624052,0,0,0,26600,0,130365,69300,778676,0,0,0,405927,3960,134761,0,137061,0,0,0,0,0,56700
Neisseria_sp002237445,0,0,172655,0,0,0,0,795915,59200,0,472463,350597,0,0,0,476955,0,162652,0,302595,0,0,0,366078
Prevotella_oulorum,179555,0,3655929,0,0,139230,701777,367721,56400,84600,195024,51800,0,269354,484842,218852,0,0,662805,26200,0,38500,469138,246780
Streptococcus_sp000220065,0,0,0,0,0,6740,51100,335275,52700,0,428418,0,0,0,473385,551769,0,0,0,0,0,0,103638,345800
Capnocytophaga_leadbetteri,15300,2584848,1702556,1314216,290567,4444858,4884577,11839293,42500,3122584,1636365,2588422,110653,3525787,3267329,11507230,640860,1935640,1392802,2675944,216195,2403939,4214829,9078557
W11650_sp002999035,139199,6202320,241806,1973939,4987623,5080,198172,664270,27800,1983164,87400,569772,2963581,36400,36100,780732,0,408350,67800,178564,2320427,0,9180,516328
Johnsonella_ignava,373040,8306718,53400,0,129979,22300,0,157113,27700,900322,169823,0,0,377445,0,189593,0,500296,0,0,0,120115,0,130802
Saccharimonas_sp905371715,984737,84500,604347,0,0,883,418076,183163,21700,245952,0,0,0,47000,220149,84400,0,0,260264,0,0,0,21100,46000
Bergeyella_A_cardium,516234,0,0,0,706302,209010,1321037,2684294,19100,554107,0,88200,0,4767748,2552916,2104669,241281,1445863,0,513292,133810,2198479,1254513,1029929
Bulleidia_sp015256455,0,276243,1564816,104835,229458,5099822,1101241,414006,15800,477171,327614,130899,277909,415865,2189177,748261,0,198965,517693,221373,89800,685616,1802344,750182
Allisonella_pneumosintes,234661,0,6465254,1026867,1034474,116595,556968,888717,15700,0,4082229,281230,633062,22400,495550,726613,0,28600,5407849,102156,250619,14600,429582,490832
Haemophilus_influenzae,0,2445056,1462665,15590191,0,629680,559765,2979099,0,10129853,3003578,7620158,2577999,507665,909507,9864291,808433,63890672,22092746,17459471,25609498,1926333,3919778,23943810
Aggregatibacter_segnis,0,1194236,16023762,2172813,4156808,1451477,2650896,6208462,0,7649465,32924596,4821023,18838115,10241924,4094280,6992331,451149,2231913,20818549,7603298,18436954,9832536,5422793,6174595
Capnocytophaga_granulosa,0,5071665,281451,31400,0,946342,2583010,3757105,0,5721241,0,205908,0,1188274,2935928,2071009,0,2931984,0,491103,0,538276,2482098,2660384
Eubacterium_N_saphenum,0,13909676,0,24175941,15145539,152037,21621802,615078,0,4275098,0,7704777,22941527,200402,12642297,897413,0,1302430,0,3209332,15108594,286319,3549373,368687
Centipeda_noxia,2096688,3176381,0,69400,11900,29700,1606460,317598,0,3516372,0,0,0,123971,584102,76500,0,0,0,0,0,1940,209155,132580
F0058_sp905372605,554849,3083464,2479446,322739,159713,273711,4624329,5196822,0,3254153,312743,87500,0,184317,1317147,3060959,0,84900,1041920,25000,0,0,296199,1379168
Peptostreptococcus_stomatis,0,1131804,1743552,427462,0,138125,145455,2817683,0,2775857,576673,392593,0,106451,627146,4199585,0,199471,1118853,270462,275911,38000,276682,2110732
Metamycoplasma_salivarium,0,1733463,0,0,0,41700,47700,47100,0,2603978,0,155032,0,48300,44500,31400,0,501611,0,76800,0,53800,35000,47900
Leptotrichia_A_sp001274535,288640,4254314,1015655,350673,1145432,544331,1627547,2805937,0,2541569,2737719,377968,1204626,4756171,782193,3449302,0,1608110,838492,198137,1682966,2178188,534681,2037564
Capnocytophaga_bilenii,0,4679328,1581372,99300,0,169262,3492964,2674176,0,2236687,1866126,595472,0,195075,2266165,1992983,0,1399030,716312,702427,0,255730,1301583,1235678
Selenomonas_sputigena,634845,501122,2367721,267985,187917,365353,773106,1984438,0,2033705,248378,70200,0,101021,319730,758965,0,120472,683764,19800,0,0,484689,962928
Prevotella_enoeca,0,272381,595337,0,1475134,63800,20500,1119677,0,1850981,544547,0,1493707,29000,145410,972941,17700,434447,357540,0,1038472,0,125138,999690
Aggregatibacter_kilianii,0,631309,0,324075,0,0,1073269,142111,0,1831951,0,144794,0,0,278613,240500,0,4359033,0,68700,0,0,326674,288760
Prevotella_micans,21300,983869,573601,60900,88500,89500,2369346,1116304,0,1829496,0,94200,0,122741,1044637,500149,0,63800,129331,5230,0,0,310706,216659
Johnsonella_sp900766185,0,1935478,52700,0,0,68700,10100,1146192,0,1736497,51100,46900,0,566679,176997,1162891,0,35300,0,23400,0,20000,78300,339515
Treponema_sp010365865,0,2354750,0,0,0,24000,33000,450871,0,1635006,0,39600,0,113623,0,399168,0,634424,0,4710,0,0,44700,521428
Olsenella_F_sp001189515,194919,533695,172542,0,0,12900,0,40400,0,1258814,0,0,0,74900,0,30200,0,0,0,0,0,0,16800,15800
HOT-345_sp003260355,0,1276190,392724,244503,896078,2242689,0,4105870,0,1232521,0,200162,0,1478222,0,4117753,0,0,0,250575,0,290704,0,2041122
Porphyromonas_sp905372525,25000,528892,0,0,35100,864858,399356,125830,0,1146376,0,376192,4123947,1656187,887556,154386,944347,658093,76400,629055,1414296,1633182,1065710,371889
Hornefia_minuta,0,1266063,0,0,0,0,0,0,0,1138601,0,0,0,0,54400,0,0,147580,0,0,0,0,0,0
Cutibacterium_acnes,0,1145167,0,0,1339143,0,0,0,0,1031994,0,21300,0,850275,0,0,0,0,0,29400,0,890873,0,0
Arachnia_sp905372155,0,2191677,0,0,0,18700,150834,16400,0,918943,0,30800,0,290870,0,0,0,745084,0,53400,408987,233297,0,25000
Peptoanaerobacter_yurii,0,3561827,0,0,0,58000,0,275035,0,846405,0,0,0,114033,49700,254297,0,169126,0,4190,0,9070,46500,124042
Parvimonas_sp015257355,0,2091661,0,0,550524,3886504,0,755212,0,812541,0,69100,1852797,1325871,0,1393756,0,1180441,0,57600,1655469,1957228,0,921422
Capnocytophaga_sp000466425,0,54900,519878,1032431,0,4200,3222173,4208441,0,740413,224312,2346785,0,29600,2359321,2367173,0,9410,0,2252352,0,11100,1920699,2361426
Streptococcus_rubneri,0,910789,0,0,104836,2142104,0,369233,0,737343,0,0,0,1243395,0,1009456,0,204225,0,0,0,1838031,0,382562
Arachnia_sp013333945,0,0,0,88800,1226108,0,0,71500,0,714733,0,475228,496980,226221,120354,107642,0,0,0,383818,0,211884,113344,108033
HOT-345_sp013333605,0,2888027,933776,287683,225523,2338748,3110069,5011915,0,700614,1575406,2136385,0,3409296,3091189,4939044,0,669827,758970,2740838,1141218,1700173,3049029,4353808
Slackia_exigua,0,0,0,0,0,2210,0,10200,0,678925,0,0,0,0,24300,32400,0,0,0,0,0,0,30400,4150
Oribacterium_sp000160135,38200,201075,533393,0,0,12100,0,44800,0,668387,0,0,0,159215,12600,80400,0,0,0,0,0,21700,0,30000
Leptotrichia_massiliensis,0,0,3027593,294249,0,330684,0,846503,0,668285,6682590,428008,0,5380430,60600,744930,0,601954,1248307,211325,0,1870660,204250,413276
Olsenella_uli,0,0,0,0,0,0,0,7440,0,609457,0,0,0,0,0,14200,0,0,0,0,0,0,51000,15200
Lancefieldella_parvula,0,0,0,0,0,19400,141259,25800,0,583777,0,0,0,86500,397789,107880,0,0,0,13100,0,0,120024,44500
Centipeda_sp001683335,0,0,25200,0,0,31800,0,303876,0,538761,0,0,0,0,0,96100,0,0,0,0,0,0,39700,127600
Abiotrophia_defectiva,0,0,0,0,0,116816,0,73400,0,511854,0,240487,0,446397,0,264526,0,495745,0,112518,0,562340,0,134478
Eikenella_corrodens,273993,1790988,765176,0,0,341725,0,1448672,0,510012,0,110423,354515,1578423,0,1133988,0,201292,0,236445,0,461904,0,820979
Prevotella_marshii,0,0,1337425,0,164851,83300,561702,900114,0,502646,0,0,0,68800,221113,507999,0,0,681298,5020,0,816,280648,380428
Lachnoanaerobaculum_sp000209465,0,246280,0,0,0,143756,227758,189675,0,473385,36600,46800,0,1141657,305489,271068,0,0,0,43800,0,268883,168973,86300
Capnocytophaga_sp905372595,0,97000,734204,0,288927,39300,1226685,5531399,0,455890,522865,0,0,1336527,605089,4571991,0,571507,0,44300,0,792068,1028972,3960455
HOT-345_sp013333295,0,1665394,608177,0,1966408,18943615,0,2951654,0,450263,569861,551699,4684978,2927655,0,4796315,0,2521713,395883,702637,3448526,3644452,0,6647165
Prevotella_saccharolytica,0,282716,0,0,0,66100,270146,639732,0,440339,0,0,0,312386,83900,363842,0,0,0,0,0,36600,19700,205512
Shuttleworthia_satelles,0,0,1309044,0,0,56100,1267460,51500,0,437986,581781,56800,0,0,1565992,98400,0,0,158057,215512,0,36800,837142,101036
Fusobacterium_hwasookii,0,0,0,155026,1205994,410181,111135,2375650,0,432052,0,176134,0,2098076,0,4697355,0,434143,0,139313,156794,1025569,114701,2367711
Treponema_C_maltophilum,54000,1257815,502759,272436,1571115,5190,754494,538557,0,422231,0,47100,177896,0,108147,491942,0,15700,22200,2410,246316,0,41300,248084
Capnocytophaga_sp000192225,0,1779191,0,0,0,7180,0,87000,0,413432,0,0,0,41500,0,98500,0,100241,0,0,0,0,0,172900
Abiotrophia_sp001815865,0,0,66400,684429,0,13100,0,236542,0,392049,511173,1577687,0,409615,79700,243116,0,2753856,0,861104,0,182212,0,175746
Anaeroglobus_geminatus,0,337735,1797725,37100,227272,13200,2585807,270732,0,391231,77100,76900,0,0,957049,289979,0,0,735545,16600,0,0,633727,225197
Desulfobulbus_oralis,229745,2036224,1118707,63100,2464897,0,2092530,50700,0,379465,894978,37100,1921210,0,506257,96000,0,95800,355074,0,722680,0,151230,25400
GN02-872_sp002761215,0,3566525,0,0,0,0,2439384,643570,0,323093,0,119826,0,0,266620,486708,0,69700,0,102051,0,0,325944,385171
Campylobacter_A_showae_A,0,192619,0,0,0,3474557,0,2736161,0,311634,0,39700,0,314640,33500,2235981,0,0,0,39700,0,86900,93200,1736234
Pauljensenia_cardiffensis,0,101582,0,0,0,3640,0,68000,0,298232,0,0,0,16800,0,196253,0,0,0,0,0,0,0,98500
Haemophilus_seminalis,0,0,0,2592819,5348590,1591810,908233,167579,0,297618,0,6016563,4938309,704276,873636,554386,4395119,175195,0,13635528,8311558,1565681,6906812,2812531
Streptococcus_intermedius,0,69300,0,0,0,145192,0,18500,0,289229,0,33300,0,676716,0,52000,0,164169,0,15500,0,407658,0,26100
Actinomyces_gerencseriae,0,12800,0,0,0,20000,0,74800,0,252397,0,0,0,1000986,0,43100,0,0,0,0,0,0,0,170647
Prevotella_maculosa,53200,0,2137065,0,0,71800,502853,532626,0,243599,88200,15800,0,280932,210084,316979,0,0,22700,0,0,27400,179932,252591
Saccharimonas_sp010202265,0,0,58200,0,0,0,759228,132924,0,214338,0,0,0,45700,317803,96500,0,0,0,0,0,0,0,14800
Prevotella_buccae,0,0,2577993,0,678207,37800,243357,339927,0,172084,0,41900,0,0,283967,263336,0,0,0,48300,0,0,485106,176458
Treponema_D_buccale,0,303701,233360,25500,0,40700,684456,101292,0,155613,0,13400,0,58100,0,72300,0,0,0,0,0,0,48500,86900
Flexilinea_sp001717545,0,320196,118257,0,609993,0,0,25700,0,147837,0,0,0,0,0,28400,0,0,0,0,0,0,0,10700
Prevotella_sp018127805,0,0,599617,0,0,65700,0,1464023,0,132184,0,0,0,11700,238566,1367470,0,0,687956,0,0,0,222410,741881
GN02-872_sp003260325,0,1399800,1943687,0,1025073,187700,0,600774,0,119293,3322224,142809,0,2066827,0,825216,0,0,2987059,251517,0,1242042,0,661716
Nanogingivalis_sp900555945,0,734248,1131659,0,0,11122799,2235833,1880355,0,109369,1039373,332942,0,18520194,6436577,2351354,0,270480,2956607,126020,0,23904798,6439762,1956095
Centipeda_sp905372865,0,0,0,0,0,2650,0,72500,0,104151,0,0,0,0,0,6070,0,0,0,0,0,0,0,0
Pauljensenia_sp000185285,0,0,0,0,0,158552,0,58400,0,96900,0,0,0,365765,0,84800,0,0,0,0,0,1073595,0,142779
Centipeda_artemidis,0,0,0,0,0,1880,0,56100,0,88700,0,0,0,0,0,0,0,0,0,0,0,0,0,10100
Actinomyces_johnsonii,0,0,0,0,0,14700,0,0,0,87600,0,10200,0,192513,0,0,0,0,0,0,0,0,21300,0
Centipeda_periodontii,0,0,0,0,0,48100,0,123620,0,82400,0,0,0,0,0,33300,0,0,0,0,0,0,55900,55400
Saccharimonas_sp018127705,0,0,0,200098,0,1100,0,375862,0,77100,0,127034,0,0,0,379780,0,0,0,68300,0,0,0,129379
Pauljensenia_georgiae,0,514067,0,0,0,10500,0,0,0,71300,0,0,0,0,0,0,0,0,0,0,0,0,0,0
Alloprevotella_sp900095835,0,672651,0,0,2471237,18219312,0,6473496,0,64700,0,79800,2232421,858266,0,5534465,0,4168159,0,142244,476155,1779298,1176967,17327952
CAJPPJ01_sp905372515,0,0,0,55000,305871,51700,0,481340,0,57400,0,134869,0,518218,0,475766,0,0,0,147373,0,7040,0,243934
Lawsonella_clevelandensis_A,0,0,0,0,0,0,0,0,0,47700,0,0,0,43700,0,0,0,0,0,0,0,103189,0,0
Gordonia_jacobaea,0,0,0,0,0,0,0,0,0,33300,0,0,0,0,0,0,0,0,0,0,0,0,0,0
Prevotella_sp003043925,0,0,0,3670,0,19300,0,36700,0,25400,0,5950,0,0,0,43300,0,8190,0,1780,0,0,0,27900
Prevotella_oralis,0,0,1745917,0,0,0,454762,217237,0,10700,0,24400,0,0,355922,123580,0,0,353471,8690,0,0,303504,91100
Streptococcus_salivarius,0,0,20953258,1224962,0,508116,2098985,0,0,0,32085242,511583,0,455310,4393238,19300,0,0,9574049,229223,0,126743,817834,44700
Alloprevotella_sp905371275,0,0,12289671,0,25171837,7806684,0,11886275,0,0,25960594,0,19195077,4308749,0,12293195,0,4450,65531844,72400,30744558,14553948,0,21040441
Veillonella_nakazawae,0,0,14417726,1241544,0,24102728,14851043,0,0,0,11276105,432709,0,848738,12245471,0,0,0,12614863,207033,0,1063908,11415648,0
Alloprevotella_sp015257125,0,82000,6042910,712474,2319504,52321176,555569,4155411,0,0,9461857,1403433,1963130,6507026,1909279,4650254,303116,218184,14914336,1744398,2585319,14897877,3619822,14083408
Granulicatella_elegans,0,0,1289897,1582312,1346576,3693614,0,1212363,0,0,8070691,8652309,350472,8206039,110503,3164438,0,389636,15215286,18568430,3605950,10736460,335546,6126686
Streptococcus_parasanguinis_B,0,0,8034575,0,0,2281444,1262511,0,0,0,7388901,50600,0,665139,8260944,0,0,0,3111705,11100,0,543782,2563401,0
Prevotella_sp000467895,0,0,17409841,133102,0,770345,2256059,6097983,0,0,6666244,412860,0,560020,5043406,8908716,0,0,19818671,383504,39800,337506,3464417,8585116
Treponema_D_sp905372235,0,0,3976911,557226,1516237,117699,0,1627997,0,0,3248778,372535,253225,24700,0,1895927,0,0,1461228,587293,689516,0,0,1346201
Nanogingivalis_gingivitcus,0,0,3620114,2019123,0,128188,0,474246,0,0,3139006,1055761,0,137495,0,533096,0,0,40610219,2770564,0,441205,0,853472
Prevotella_pallens,0,128517,8459285,689326,0,59456665,7626168,951632,0,0,2952041,192431,0,1691124,12530188,707702,0,0,2760946,97800,0,1257541,11446436,382444
Streptococcus_sinensis,0,0,2640838,0,0,0,666705,180139,0,0,2720237,50700,0,0,1540080,148320,0,0,3127239,86900,0,0,190056,57600
Leptotrichia_sp002240055,0,0,1871269,292023,0,120349,6747951,178627,0,0,2425657,74400,0,12800,2146132,237764,0,0,1052769,0,0,0,1004967,86200
Prevotella_denticola,0,0,5027705,0,0,96100,6082860,1043156,0,0,2261056,68900,0,0,3242702,625989,2098933,0,859082,244819,0,0,4336627,1196900
JABCPH02_sp013333235,0,0,2104741,187523,0,318760,3422173,0,0,0,2197259,0,0,0,983068,0,0,0,278634,0,0,0,475817,0
Prevotella_histicola,0,0,9251041,12900,0,3753568,3003990,0,0,0,2181025,16200,0,12200,3964397,0,0,0,2916414,37900,0,76400,4504661,0
Oribacterium_sinus,2259650,0,6299920,3332560,532924,1485263,2443580,149670,0,0,1777014,42100,0,660221,1843213,301279,0,0,146715,4080,0,277550,499196,275122
Neisseria_cinerea,0,0,1619214,7441585,0,0,0,4476498,0,0,1729791,16619616,0,49100,0,7884986,0,0,19115304,52581994,0,0,0,25517817
Prevotella_multiformis,0,0,7945038,0,0,0,0,1076067,0,0,1588233,79000,0,0,0,671662,0,0,5238203,113460,0,0,0,956405
Streptococcus_gordonii,0,0,641964,21700,0,192227,0,129784,0,0,1466088,207057,0,759909,362454,84300,0,0,753546,168620,0,905964,167199,87000
GN02-873_sp003260345,0,0,688816,657609,866015,376174,0,17558041,0,0,1452579,4219074,39000,4454645,0,16186863,0,96800,209346,16495793,2109584,1960389,0,11066551
Streptococcus_anginosus,0,0,1684536,0,0,66600,0,136180,0,0,1222251,0,0,0,145838,189236,0,0,2561217,0,0,0,164798,89300
Rothia_mucilaginosa_A,0,0,795585,0,0,0,7544941,0,0,0,1118381,0,0,10800,13538847,0,0,0,456295,0,0,0,4680418,0
Prevotella_sp000257925,0,0,3196080,35300,0,3026725,0,0,0,0,965018,199222,0,0,126136,0,0,0,239921,160561,0,44300,884212,0
Oribacterium_sp015258095,0,0,1836468,193198,0,3860,0,0,0,0,882264,0,0,0,0,0,0,0,40100,0,0,0,0,0
Neisseria_mucosa,0,0,5899200,242884771,11890275,0,0,0,0,0,610955,353166964,19362014,0,0,0,9056130,0,73500,296244656,16992537,68500,0,0
Lachnoanaerobaculum_sp000287675,0,32800,608064,0,70400,1753122,0,368651,0,0,410595,38400,0,1188787,395326,588284,0,40700,1049934,34200,0,774326,273864,477076
UBA4285_sp900542465,0,0,339002,0,0,3310,0,0,0,0,388800,0,0,0,0,0,0,0,335471,0,0,0,0,0
Phocaeicola_abscessus,0,0,846266,0,447438,0,379668,266197,0,0,286066,15400,0,0,97400,170443,0,0,430650,0,0,0,44600,108626
Prevotella_jejuni,0,0,3548710,0,0,7266658,0,0,0,0,219544,90400,0,0,452933,0,0,0,532241,63100,0,0,753543,0
Pseudoramibacter_alactolyticus,0,0,141119,0,0,0,83700,6050,0,0,182197,0,0,0,0,20900,0,0,559611,0,0,0,94000,4150
Scardovia_wiggsiae,0,0,847393,0,0,27500,428296,0,0,0,97700,0,0,0,505401,0,0,0,0,0,0,0,488863,0
Prevotella_multisaccharivorax,0,0,92400,0,0,0,1423135,0,0,0,93300,0,0,0,267691,0,0,0,0,0,0,0,611810,0
Porphyromonas_gingivalis,289152,0,0,18711301,115757675,932209,14632645,32378061,0,0,0,6295912,79926893,2756759,4082930,40874234,0,328844,0,1791185,57514164,1112648,2045628,17433139
Porphyromonas_sp003640335,0,0,0,1932651,1273115,1511541,0,3300419,0,0,0,5063808,1090143,4372374,0,8125248,384491,116830,0,22125679,4009060,5888407,0,39130790
Porphyromonas_sp018127745,0,0,0,67400,0,0,0,7455946,0,0,0,2372380,0,0,0,5125069,0,0,0,1943895,0,0,95700,4583393
Alloprevotella_sp015259235,0,0,0,116409,0,625705,0,403307,0,0,0,938651,0,1391135,0,937972,0,0,0,9887051,0,2567288,0,4400176
F0422_sp001553345,0,0,0,440817,0,5150943,0,10600,0,0,0,714984,0,4957802,0,31800,0,0,0,1485554,74200,9708852,0,75300
Alloprevotella_sp000318095,0,0,0,77200,303903,1761183,0,11895579,0,0,0,562355,0,1636618,256983,13941605,0,57000,0,1365814,597056,1825489,323856,8870792
Kingella_kingae,0,0,0,35400,0,82900,505973,0,0,0,0,327405,0,270072,535168,0,0,0,0,202847,0,36200,354332,0
Nanogingivalis_sp900556165,0,0,0,61000,0,0,0,144902,0,0,0,288752,0,0,0,139637,0,0,0,1245864,0,0,0,153096
Prevotella_aurantiaca,0,0,0,0,5927537,984323,0,9310600,0,0,0,265559,4458139,184317,0,9618201,0,0,0,332112,329121,0,0,12454732
Prevotella_fusca,0,0,0,273327,0,0,0,0,0,0,0,263157,0,0,0,0,0,0,0,374816,0,0,0,0
Pauljensenia_odontolytica,0,0,0,0,0,0,0,0,0,0,0,158061,0,0,0,0,0,0,0,230898,0,0,0,0
Veillonella_tobetsuensis,0,129874,357135,151910,909742,33827159,1059928,3130862,0,0,0,127765,561350,523136,1287272,3182517,0,53600,0,42300,0,915752,1219132,4716922
Prevotella_sp013333935,0,0,4211622,0,0,77400,1228514,401097,0,0,0,121915,0,38100,450685,268570,0,0,745409,173330,0,0,457135,340819
Alloprevotella_sp905369775,0,0,1605473,0,0,56084570,1988172,37200,0,0,0,96200,0,490862,4104988,65300,0,22800,69000,57600,0,1996179,23143880,176220
Capnocytophaga_sp002999135,0,463851,0,0,0,0,0,0,0,0,0,87900,0,0,0,0,0,143332,0,89300,0,0,0,0
Simonsiella_muelleri,0,0,9460,0,0,458541,1088761,386212,0,0,0,85400,0,527951,1899107,537140,0,0,586488,263659,0,1271816,1305549,1141401
Actinomyces_timonensis,0,0,0,411437,0,2210,0,0,0,0,0,72700,0,25100,0,21300,0,0,0,52000,0,0,0,18100
CAJPNX01_sp905372165,0,0,0,0,70200,925474,391502,814755,0,0,0,71000,0,22035223,267156,1283973,1697993,0,0,114821,0,15951487,7930,602423
Corynebacterium_argentoratense,0,0,0,0,0,0,0,0,0,0,0,69900,0,0,0,0,0,0,0,71400,0,0,0,0
CAG-793_sp013333035,0,0,294290,65300,0,1230321,502637,6510,0,0,0,49000,0,0,474241,13700,0,0,0,81400,0,5610,791220,4030
Prevotella_salivae,0,0,2136727,14500,0,2589494,1684890,36300,0,0,0,48700,0,0,3398070,48200,0,0,103440,47100,0,18000,3721999,35900
F0422_sp003999875,0,0,0,0,0,629459,715333,157462,0,0,0,47000,123633,0,0,265358,0,0,222291,116391,430712,0,288580,552142
Bacteroides_D_sp013333835,0,0,79900,0,382394,17800,748362,349,0,0,0,37200,0,238618,215866,0,0,0,0,0,0,15600,60700,0
Prevotella_sp000163055,0,0,0,0,0,1159216,0,1320749,0,0,0,29500,0,1668276,0,1352840,0,0,0,398157,0,3907727,0,1506768
Leptotrichia_shahii,0,0,0,282675,0,0,0,68000,0,0,0,24000,0,0,0,44800,0,0,0,0,0,0,0,0
CAG-793_sp013333395,0,0,176484,0,0,4331133,971601,560304,0,0,0,23600,0,446704,742896,791555,0,0,0,49500,0,292335,477383,942649
Leptotrichia_sp013394795,0,0,0,0,0,5960,0,51600,0,0,0,19200,0,99300,0,37900,0,50400,0,0,0,0,0,86900
Eubacterium_B_sulci,0,0,1504899,0,89700,2304189,718668,360162,0,0,0,14300,0,0,2657315,734464,0,0,0,22200,0,0,2116390,612621
Veillonella_denticariosi,0,0,0,0,0,0,0,3840,0,0,0,13700,0,0,0,357,0,0,0,0,0,0,163233,23800
Oribacterium_asaccharolyticum,1203829,0,835004,1130032,0,125318,0,0,0,0,0,8150,0,0,0,0,0,0,0,0,0,0,3650,0
Prevotella_sp013333285,0,0,527537,0,0,5097282,278538,381676,0,0,0,7310,0,0,737435,439489,0,0,0,5760,0,20300,749577,314849
W5053_sp000467935,0,0,0,0,3307737,0,0,12000,0,0,0,0,2795155,0,0,29600,0,0,0,0,2244549,0,0,356
Peptostreptococcus_sp900759325,0,229263,0,0,42400,1324392,423670,619032,0,0,0,0,26500,0,1088325,659649,0,0,0,0,0,0,261444,635746
Pauljensenia_sp902373545,0,0,0,0,0,1591258,0,82100,0,0,0,0,0,1150161,0,131668,0,0,0,0,0,623315,0,338092
Fusobacterium_massiliense,0,0,0,0,0,127857,0,150484,0,0,0,0,0,726612,0,297592,0,0,0,442955,0,1373374,0,607522
SDRK01_sp007845205,0,0,248226,153802,0,24600,0,113386,0,0,0,0,0,457974,31500,121677,0,0,0,0,0,92400,9390,87000
Catonella_massiliensis,0,22000,100011,781029,0,479851,453471,15100,0,0,0,0,0,341483,171108,14400,0,0,0,0,0,99500,106456,24000
Stomatobaculum_longum_A,0,0,0,0,0,1622284,0,89500,0,0,0,0,0,282469,0,176271,0,0,0,0,0,163553,0,89700
Nanosyncoccus_sp905372495,0,0,0,0,0,60900,0,11900,0,0,0,0,0,244560,134702,13400,0,0,0,0,0,17000,179201,3790
Lachnoanaerobaculum_saburreum,0,0,0,0,0,6070,0,37800,0,0,0,0,0,158600,13700,87700,0,0,0,0,0,0,5840,9010
Mogibacterium_diversum,0,0,887938,0,0,1096723,0,112689,0,0,0,0,0,117618,70000,334701,0,0,0,0,0,260318,183898,99400
Psychrobacter_sanguinis,0,0,0,0,0,13900,0,0,0,0,0,0,0,86700,0,0,0,0,0,0,0,15600,0,0
Actinomyces_sp002999235,0,0,0,0,0,0,0,1980,0,0,0,0,0,69000,0,0,0,0,0,0,0,0,0,6880
Lancefieldella_sp000564995,0,0,550625,0,0,5493441,189242,73000,0,0,0,0,0,60300,2518544,130479,0,0,0,18700,0,10400,1833864,94300
Nanosynbacter_lyticus,0,0,0,0,0,25600,0,205956,0,0,0,0,0,55800,0,496105,0,0,0,0,0,0,0,222469
Oribacterium_parvum,0,0,0,0,0,2444633,606565,27900,0,0,0,0,0,42200,1293483,51100,0,0,0,8580,0,260420,1775626,127600
Brevibacillus_D_fluminis,0,0,0,0,0,0,0,0,0,0,0,0,0,36700,0,0,0,0,0,0,0,7850,0,0
Fructilactobacillus_sanfranciscensis,0,0,0,0,0,0,0,0,0,0,0,0,0,10700,0,0,0,0,0,0,0,0,0,0
Desulfovibrio_sp003860215,0,0,0,0,0,5850,0,129319,0,0,0,0,0,1230,0,102052,0,0,0,0,0,0,0,65500
Nanogingivalis_sp015257795,0,0,26400,0,0,0,2735458,0,0,0,0,0,0,0,2880355,0,0,0,66700,0,0,0,1909218,0
Pauljensenia_sp000466265,0,0,0,0,0,6070,0,0,0,0,0,0,0,0,1256863,0,0,0,0,0,0,0,1087314,0
Actinomyces_sp000220835,0,0,0,0,0,0,1980211,0,0,0,0,0,0,0,953408,0,0,0,0,0,0,0,1204729,31000
Nanosyncoccus_sp007845165,0,0,0,0,10400,294359,183433,44300,0,0,0,0,0,0,909935,51700,0,26000,0,0,0,0,524140,32500
Pauljensenia_sp000758755,0,0,0,0,0,812964,8280,0,0,0,0,0,0,0,887342,1780,0,0,0,6180,0,0,536142,0
Haemophilus_D_pittmaniae,0,0,0,0,0,0,388275,0,0,0,0,0,0,0,747715,0,0,0,0,0,0,0,1033042,0
Lachnoanaerobaculum_orale,0,0,274468,0,0,160429,0,0,0,0,0,0,0,0,487305,0,0,0,0,0,0,0,264992,0
Bacteroides_D_sp013333195,0,383776,0,0,0,17600,801186,34300,0,0,0,0,0,0,377658,40000,0,0,0,0,0,0,95700,16200
Capnocytophaga_haemolytica,0,0,0,0,0,0,342013,53600,0,0,0,0,0,0,287500,47900,0,0,0,0,0,0,189951,90700
Centipeda_massiliensis,0,0,17700,0,0,161864,41000,192583,0,0,0,0,0,0,92300,63600,0,0,0,0,0,0,203102,65200
Butyrivibrio_sp015258065,0,0,29300,276443,0,474441,62700,18000,0,0,0,0,0,0,74400,75100,0,0,0,0,0,0,61100,127363
Centipeda_sp015265235,0,0,0,185408,0,2854041,49000,160834,0,0,0,0,0,0,28700,58000,0,0,0,0,0,0,126808,159855
Treponema_medium,0,0,0,0,0,0,173642,106641,0,0,0,0,0,0,19800,83600,0,0,0,0,0,0,0,38400
Streptobacillus_hongkongensis,0,0,0,0,0,0,0,595308,0,0,0,0,0,0,0,1755219,0,0,0,0,0,0,0,1750228
Parvimonas_sp000223315,0,0,0,0,0,0,0,280152,0,0,0,0,0,0,0,693429,0,0,0,0,0,0,0,189146
Metamycoplasma_orale,0,0,0,0,0,331,0,432497,0,0,0,0,0,0,0,535593,0,0,0,0,0,0,0,430116
Centipeda_sp000286455,0,0,0,0,0,0,0,669038,0,0,0,0,0,0,0,435920,0,0,0,0,0,0,0,276071
Treponema_vincentii,0,0,203627,0,0,9160,0,425054,0,0,0,0,0,0,0,353256,0,0,270004,0,0,0,0,450394
Eggerthia_catenaformis,0,0,0,0,0,0,0,57000,0,0,0,0,0,0,0,198632,0,0,0,0,0,0,0,101629
Desulfovibrio_sp000403945,0,0,0,0,0,10900,0,190954,0,0,0,0,0,0,0,161523,0,0,0,0,0,34200,0,78000
Treponema_D_sp014334335,0,0,95800,0,0,3090,0,194094,0,0,0,0,0,0,0,127267,0,0,0,0,0,0,0,114081
Aggregatibacter_actinomycetemcomitans,0,0,0,0,0,0,0,62900,0,0,0,0,0,0,0,102646,0,0,0,0,0,0,0,43300
Nanosyncoccus_sp013332965,0,0,0,0,0,340069,0,62900,0,0,0,0,0,0,0,99700,0,0,0,0,0,0,0,55000
Pyramidobacter_piscolens,0,0,0,0,0,0,0,32600,0,0,0,0,0,0,0,79500,0,0,0,0,0,0,0,56800
Centipeda_sp000468035,0,0,0,0,0,1320,0,200839,0,0,0,0,0,0,0,67700,0,0,0,0,0,0,0,45300
Treponema_D_sp014334325,0,0,0,0,0,0,0,62400,0,0,0,0,0,0,0,48800,0,0,0,0,0,0,0,35300
Treponema_B_putidum,0,0,0,0,0,0,0,32800,0,0,0,0,0,0,0,46600,0,0,0,0,0,0,0,14600
Oribacterium_sp013394775,0,0,0,0,0,0,0,93200,0,0,0,0,0,0,0,42300,0,0,0,0,0,0,0,40600
Pauljensenia_meyeri,0,0,0,0,261597,0,0,41900,0,0,0,0,0,0,0,35200,0,0,0,0,0,0,0,19700
Brooklawnia_sp000413315,0,0,0,0,0,0,0,10600,0,0,0,0,0,0,0,23100,0,0,0,0,0,0,0,1300
Centipeda_sp001717585,0,0,0,0,0,0,0,113735,0,0,0,0,0,0,0,21600,0,0,0,0,0,0,0,22800
Centipeda_flueggei,0,0,0,0,0,0,0,49900,0,0,0,0,0,0,0,14900,0,0,0,0,0,0,7100,17700
Rouxiella_chamberiensis,0,0,0,0,0,0,0,64500,0,0,0,0,0,0,0,8560,0,0,0,0,0,0,0,0
Mogibacterium_pumilum,0,0,0,0,0,0,0,0,0,0,0,0,0,0,0,6540,0,0,0,0,0,0,0,3910
Lachnoanaerobaculum_umeaense,0,0,0,0,0,83400,0,0,0,0,0,0,0,0,0,4040,0,0,0,0,0,0,0,0
Prevotella_sp003043945,0,0,59200,0,0,0,0,233,0,0,0,0,0,0,0,238,0,0,0,0,0,0,0,1190
Haemophilus_A_paraphrohaemolyticus,0,0,0,0,0,0,0,0,0,0,0,0,0,0,0,0,13970293,2139663,0,0,2240876,0,349948,0
Bacteroides_zoogleoformans,0,0,0,0,0,24300,0,0,0,0,0,0,0,0,0,0,0,0,0,0,0,0,0,0
Gordonia_polyisoprenivorans,0,0,0,0,0,0,0,0,0,0,0,0,0,0,0,0,0,0,0,0,0,39700,0,0
Corynebacterium_kefirresidentii,0,0,0,0,0,0,0,0,0,0,0,0,0,0,0,0,0,0,0,0,0,7550,0,0
F0428_sp003043955,0,0,0,0,0,43000,0,0,0,0,0,0,0,0,0,0,0,0,0,0,0,0,0,0
Mitsuokella_sp000469545,0,0,0,0,0,0,0,0,0,0,0,0,0,0,0,0,0,0,0,0,0,0,24800,0
Campylobacter_A_curvus,0,0,0,0,0,12000,0,20200,0,0,0,0,0,0,0,0,0,0,0,0,0,0,118459,0
Olsenella_F_profusa_A,0,0,0,0,0,0,0,0,0,0,0,0,0,0,0,0,0,0,0,0,0,0,45900,0
Leptotrichia_sp001553645,0,0,0,0,0,0,0,0,0,0,0,0,0,0,0,0,0,0,0,0,0,0,47500,0
Ligilactobacillus_salivarius,0,0,0,0,0,0,0,0,0,0,0,0,0,0,0,0,0,0,0,0,0,0,69700,0
Lactobacillus_delbrueckii,0,0,0,0,0,0,0,0,0,0,0,0,0,0,0,0,0,0,0,0,0,0,48000,0
Cryptobacterium_curtum,0,0,0,0,0,0,0,0,0,0,0,0,0,0,0,0,0,0,0,0,0,0,8350,0
Bifidobacterium_dentium,0,0,1663475,0,0,0,0,0,0,0,0,0,0,0,0,0,0,0,538652,0,0,0,14700,0
Microbacterium_algeriense,0,0,0,0,0,0,0,0,0,0,0,0,0,0,0,0,0,0,0,3870,0,0,0,0
Prevotella_sp000599605,0,0,0,0,0,2880871,0,0,0,0,0,0,0,0,0,0,0,0,0,0,0,0,189325,0
Lactobacillus_paragasseri,0,0,0,0,0,0,0,0,0,0,0,0,0,0,0,0,0,0,0,0,0,0,120963,0
Prevotella_sp015256945,0,0,167136,0,0,0,0,0,0,0,0,0,0,0,0,0,0,0,0,0,0,0,21000,0
Olsenella_I_phocaeensis,0,0,461764,0,0,0,0,0,0,0,0,0,0,0,0,0,0,0,0,0,0,0,0,0
Stomatobaculum_longum,0,0,201712,0,0,61400,0,0,0,0,0,0,0,0,0,0,0,0,0,0,0,0,0,0
Cobetia_marina,0,0,0,109397,0,0,0,0,0,0,0,0,0,0,0,0,0,0,0,0,0,0,0,0
Weissella_thailandensis,0,0,0,17800,0,0,0,0,0,0,0,0,0,0,0,0,0,0,0,0,0,0,0,0
Pauljensenia_bouchesdurhonensis,0,0,0,0,0,111406,0,0,0,0,0,0,0,0,0,0,0,0,0,0,0,0,0,0
Prevotella_scopos,0,0,0,0,0,101910,0,0,0,0,0,0,0,0,0,0,0,0,0,0,0,0,0,0
Centipeda_infelix,0,0,0,0,0,8610,0,3840,0,0,0,0,0,0,0,0,0,0,0,0,0,0,0,0
Fusobacterium_canifelinum,0,0,0,0,0,3860,0,5700,0,0,0,0,0,0,0,0,0,0,0,0,0,0,0,0
Pauljensenia_culturomici,0,0,0,0,0,3090,0,0,0,0,0,0,0,0,0,0,0,0,0,0,0,0,0,0
Eikenella_exigua,0,0,0,0,0,0,0,26200,0,0,0,0,0,0,0,0,0,0,0,0,0,0,0,0
Campylobacter_A_sp905371695,0,0,0,0,0,0,0,2670,0,0,0,0,0,0,0,0,0,0,0,0,0,0,0,0
Tannerella_forsythia_A,0,0,0,0,0,0,0,233,0,0,0,0,0,0,0,0,0,0,0,0,0,0,0,0
